{
  "tasks": [
    {
      "id": 0,
      "name": "clean bathroom",
      "discription": "clean toilet, shower, and sink",
      "isComplete": true
    },
    {
      "id": 1,
      "name": "clean kitchen",
      "discription": "wipe off counters, clean oven, sweep and mop floors",
      "isComplete": false
    },
    {
      "name": "do dishes",
      "discription": "rinse and load dishes into the dishwasher",
      "id": 2
    },
    {
      "name": "do laundry",
      "discription": "wash and fold all clothes",
      "isComplete": true,
      "id": 3
    }
  ]
}